{
  "project_info": {
    "project_number": "728643454530",
    "project_id": "shoe-store-application",
    "storage_bucket": "shoe-store-application.appspot.com"
  },
  "client": [
    {
      "client_info": {
        "mobilesdk_app_id": "1:728643454530:android:2c87dd5c9b7180cb9d4fdb",
        "android_client_info": {
          "package_name": "com.project.shoestoreapplication"
        }
      },
      "oauth_client": [
        {
          "client_id": "728643454530-daosjp47nmqht651usedmtjnikdvomtu.apps.googleusercontent.com",
          "client_type": 3
        }
      ],
      "api_key": [
        {
          "current_key": "AIzaSyAXpTqfWVE8Zqx2rAbzrklK4Ebjm6sRE7k"
        }
      ],
      "services": {
        "appinvite_service": {
          "other_platform_oauth_client": [
            {
              "client_id": "728643454530-daosjp47nmqht651usedmtjnikdvomtu.apps.googleusercontent.com",
              "client_type": 3
            }
          ]
        }
      }
    }
  ],
  "configuration_version": "1"
}